"LEAD","","","","","","LANDLORD","","","","","","POC","","","","","","BROKER","","","","","","MANAGEMENT","","","","","","","","","","","","","","","","",""
"Field","Data Type","Validation","NULL Info","Why?","","Field","Data Type","Validation","NULL Info","Why?","","Field","Data Type","Validation","NULL Info","Why?","","Field","Data Type","Validation","NULL Info","Why?","","Field","Data Type","Validation","NULL Info","Why?","","","","","","","","","","","","",""
"Lead Source","Enum (Dropdown)","","NULL","","","Prefix","Enum (Mr/Mrs/Ms/Dr)","","NULL","","","Prefix","Enum (Mr/Mrs/Ms/Dr)","","NULL","","","Prefix","Enum (Mr/Mrs/Ms/Dr)","","NULL","","","Association Name","String","","NOT NULL","Communications","","","","","","","","","","","","",""
"Prefix","Enum (Mr / Mrs / Ms / Dr)","","NULL","","","First Name","String","","NOT NULL","","","First Name","String","","NOT NULL","","","First Name","String","","NOT NULL","","","Management Email","String (Email format)","Email format check","NOT NULL","Communications — Email","","","","","","","","","","","","",""
"First Name","String","","NOT NULL","","","Last Name","String","","NOT NULL","","","Last Name","String","","NOT NULL","","","Last Name","String","","NOT NULL","","","Management Phone","Integer","Phone verification","NOT NULL","Communications — Phone","","","","","","","","","","","","",""
"Last Name","String","","NOT NULL","","","Email","String (Email format)","Email format check","NOT NULL","","","Email","String (Email format)","Email format check","NOT NULL","","","Email","String (Email format)","Email format check","NOT NULL","","","Manager Email","String (Email format)","Email format check","NULL","","","","","","","","","","","","","",""
"Email","String (Email format)","Email format check","NULL","","","Country Code","Enum (Phone country codes)","Pre-defined dropdown","NOT NULL","","","Country Code","Enum (Phone country codes)","Pre-defined dropdown","NOT NULL","","","Country Code","Enum (Phone country codes)","Pre-defined dropdown","NOT NULL","","","Manager Phone","Integer","","NULL","","","","","","","","","","","","","",""
"Country Code","Enum (Phone country codes)","Pre-defined dropdown","NOT NULL","","","Phone No.","Integer","Phone verification check","NOT NULL","","","Phone No.","Integer","Phone verification check","NOT NULL","","","Phone No.","Integer","Phone verification check","NOT NULL","","","","","","","","","","","","","","","","","","","",""
"Phone No.","Integer","Phone verification check","NOT NULL","","","Current City","String","","NULL","","","Current City","String","","NULL","","","Current City","String","","NULL","","","Payment Details","","","","","","","","","","","","","","","","",""
"unique id","","","","source + drill downs","","unique id","","","","","","","","","","","","","","","","","","Beneficiary Name","String","","NULL","Maintenance Payment","","","","","","","","","","","","",""
"Disqualification Reason","enum","","","","","","","","","","","","","","","","","","","","","","","payment mode","","","","","","","","","","","","","","","","",""
"Lost Reason","enum","","","","","Identity Documents","","","","","","Identity Documents","","","","","","Identity Documents","","","","","","Account Number","Integer","","NULL","Maintenance Payment","","","","","","","","","","","","",""
"Psychographics","","","","","","Aadhar Card — Front","File Upload (Image)","Verification check","NOT NULL","","","Aadhar Card — Front","File Upload (Image)","Verification check","NOT NULL","","","Aadhar Card — Front","File Upload (Image)","Verification check","NOT NULL","","","IFSC","String (Format: XXXX0XXXXXX)","","NULL","Maintenance Payment","","","","","","","","","","","","",""
"Preferred Language","Enum (Dropdown)","","NULL","","","Aadhar Card — Back","File Upload (Image)","","NOT NULL","","","Aadhar Card — Back","File Upload (Image)","","NOT NULL","","","Aadhar Card — Back","File Upload (Image)","","NOT NULL","","","","","","","","","","","","","","","","","","","",""
"","","","","","","PAN Card Number","String (Format: AAAAA9999A)","Regex format validation","NOT NULL","","","PAN Card Number","String (Format: AAAAA9999A)","Regex format validation","NOT NULL","","","PAN Card Number","String (Format: AAAAA9999A)","Regex format validation","NOT NULL","","","Permissions","","","","","","","","","","","","","","","","",""
"","","","","","","PAN Card","File Upload (Image)","Verification check","NOT NULL","","","PAN Card","File Upload (Image)","Verification check","NOT NULL","","","PAN Card","File Upload (Image)","Verification check","NOT NULL","","","Communications?","Boolean (Yes/No)","","NULL","","","","","","","","","","","","","",""
"Landlord Personality","String","","NULL","Psychographics","","","","","","","","","","","","","","","","","","","","Transactions?","Boolean (Yes/No)","","NULL","","","","","","","","","","","","","",""
"General LL comments","String","","NULL","Psychographics","","Payment Details","","","","","","Payment Details","","","","","","Payment Details","","","","","","","","","","","","","","","","","","","","","","",""
"Potentially Multihome LL?","Bool","","NULL","Psychographics","","UPI ID","String (Alphanumeric)","","NULL","","","UPI ID","String (Alphanumeric)","","NULL","","","UPI ID","String (Alphanumeric)","","NULL","","","","","","","","","","","","","","","","","","","",""
"","","","NULL","Psychographics","","Bank Account No.","Integer","Option to add multiple","NOT NULL","","","Bank Account No.","Integer","Option to add multiple","NULL","","","Bank Account No.","Integer","Option to add multiple","NULL","","","","","","","","","","","","","","","","","","","",""
"","","","","","","Beneficiary Name","String","","NOT NULL","","","Beneficiary Name","String","","NULL","","","Beneficiary Name","String","","NULL","","","","","","","","","","","","","","","","","","","",""
"Demographics","","","","","","IFSC Code","String (Format: XXXX0XXXXXX)","","NOT NULL","","","IFSC Code","String (Format: XXXX0XXXXXX)","","NULL","","","IFSC Code","String (Format: XXXX0XXXXXX)","","NULL","","","","","","","","","","","","","","","","","","","",""
"Age Range","Enum (18–30/31–40/40–55/55+)","","NULL","Demographics","","Cancelled Cheque","File Upload (Image/PDF)","","NULL","","","Cancelled Cheque","File Upload (Image/PDF)","","NULL","","","Cancelled Cheque","File Upload (Image/PDF)","","NULL","","","","","","","","","","","","","","","","","","","",""
"Current City","String","","NULL","Meta form — lead origin visibility","","","","","","","","","","","","","","GST Invoice","Pdf","","","","","","","","","","","","","","","","","","","","","",""
"Designation","String","","NULL","Demographics","","Address","","","","","","Address","","","","","","Address","","","","","","","","","","","","","","","","","","","","","","",""
"Organization","String","","NULL","","","Current Residential","String (Alphanumeric)","","NOT NULL","","","Current Residential","String (Alphanumeric)","","NOT NULL","","","Current Residential","String (Alphanumeric)","","NOT NULL","","","","","","","","","","","","","","","","","","","",""
"","","","","","","Permanent Residential","String (Alphanumeric)","Can default to current","NULL","","","Permanent Residential","String (Alphanumeric)","Can default to current","NULL","","","Permanent Residential","String (Alphanumeric)","Can default to current","NULL","","","","","","","","","","","","","","","","","","","",""
"","","","","","","","","","","","","","","","","","","Permissions","","","","","","","","","","","","","","","","","","","","","","",""
"Meta","","","","","","","","","","","","","","","","","","","","","","","","","","","","","","","","","","","","","","","","",""
"Landlord LinkedIn","String (URL)","Valid URL format","NULL","","","Permissions","","","","","","Permissions","","","","","","","","","","","","","","","","","","","","","","","","","","","","",""
"","","","","","","Communications?","Boolean (Yes/No)","","NULL","","","Communications?","Boolean (Yes/No)","","NULL","","","","","","","","","","","","","","","","","","","","","","","","","",""
"First Added","DateTime","Auto-populated on creation","NOT NULL","","","Rent?","Boolean (Yes/No)","","NULL","","","Transactions?","Boolean (Yes/No)","","NULL","","","","","","","","","","","","","","","","","","","","","","","","","",""
"Last Updated","DateTime","Auto-populated on save","NOT NULL","","","Signing Authority","Boolean (Yes/No)","","NOT NULL","","","Signing Authority","Boolean (Yes/No)","","NOT NULL","","","","","","","","","","","","","","","","","","","","","","","","","",""
"  🔴 NOT NULL = Required to create the object   |   ◻ NULL = Optional field   |   Coloured section rows = field grouping","","","","","","","","","","","","","","","","","","","","","","","","","","","","","","","","","","","","","","","","",""